timestamp, utilization.gpu [%], utilization.memory [%], power.draw [W]
2026/10/03 05:46:53.588, 100 %, 73 %, 260.06 W
2026/10/03 05:46:54.596, 100 %, 73 %, 259.85 W
2026/10/03 05:46:55.602, 100 %, 73 %, 259.91 W
2026/10/03 05:46:56.610, 88 %, 64 %, 258.18 W
2026/10/03 05:46:57.621, 8 %, 6 %, 209.44 W
2026/10/03 05:46:58.634, 100 %, 72 %, 215.25 W
2026/10/03 05:46:59.644, 100 %, 71 %, 259.13 W
2026/10/03 05:47:00.651, 100 %, 71 %, 255.02 W
2026/10/03 05:47:01.655, 100 %, 71 %, 255.32 W
2026/10/03 05:47:02.664, 100 %, 71 %, 255.21 W
2026/10/03 05:47:03.672, 100 %, 71 %, 254.93 W
2026/10/03 05:47:04.676, 100 %, 71 %, 254.99 W
2026/10/03 05:47:05.685, 100 %, 71 %, 255.21 W
2026/10/03 05:47:06.700, 100 %, 71 %, 255.38 W
2026/10/03 05:47:07.707, 100 %, 71 %, 255.26 W
2026/10/03 05:47:08.713, 100 %, 71 %, 255.39 W
2026/10/03 05:47:09.719, 100 %, 72 %, 255.15 W
2026/10/03 05:47:10.726, 100 %, 69 %, 251.86 W
2026/10/03 05:47:11.736, 100 %, 70 %, 251.23 W
2026/10/03 05:47:12.737, 100 %, 70 %, 249.80 W
2026/10/03 05:47:13.742, 100 %, 70 %, 250.33 W
2026/10/03 05:47:14.747, 100 %, 70 %, 250.24 W
2026/10/03 05:47:15.747, 100 %, 70 %, 250.93 W
2026/10/03 05:47:16.750, 100 %, 70 %, 251.59 W
2026/10/03 05:47:17.757, 100 %, 73 %, 252.23 W
2026/10/03 05:47:18.766, 100 %, 73 %, 255.66 W
2026/10/03 05:47:19.774, 100 %, 71 %, 255.24 W
2026/10/03 05:47:20.784, 100 %, 70 %, 255.31 W
2026/10/03 05:47:21.790, 100 %, 70 %, 255.10 W
2026/10/03 05:47:22.794, 100 %, 70 %, 255.40 W
2026/10/03 05:47:23.806, 100 %, 72 %, 255.14 W
2026/10/03 05:47:24.814, 100 %, 72 %, 255.52 W
2026/10/03 05:47:25.824, 100 %, 73 %, 257.92 W
2026/10/03 05:47:26.833, 100 %, 73 %, 259.64 W
2026/10/03 05:47:27.841, 100 %, 72 %, 258.50 W
2026/10/03 05:47:28.845, 100 %, 72 %, 260.06 W
2026/10/03 05:47:29.851, 100 %, 72 %, 259.47 W
2026/10/03 05:47:30.860, 100 %, 72 %, 259.06 W
2026/10/03 05:47:31.868, 100 %, 72 %, 259.35 W
2026/10/03 05:47:32.879, 100 %, 73 %, 258.67 W
2026/10/03 05:47:33.887, 100 %, 73 %, 259.34 W
2026/10/03 05:47:34.892, 100 %, 73 %, 259.31 W
2026/10/03 05:47:35.895, 100 %, 72 %, 258.75 W
2026/10/03 05:47:36.907, 100 %, 73 %, 258.86 W
2026/10/03 05:47:37.917, 100 %, 73 %, 258.99 W
2026/10/03 05:47:38.931, 100 %, 73 %, 258.97 W
2026/10/03 05:47:39.940, 100 %, 73 %, 258.93 W
